ABP,ACP,AFP,APP,AVP
2.518992403,5.140186916,2.251407129,0,0.555555556
23.67053179,28.03738318,20.45028143,15.53398058,22.22222222
29.82806877,34.11214953,33.58348968,33.98058252,32.22222222
21.2315074,21.4953271,20.82551595,23.30097087,23.88888889
10.91563375,7.476635514,11.44465291,5.825242718,7.777777778
11.83526589,3.738317757,11.44465291,21.3592233,1.666666667
