DP1,DP2,MDGI
A,ABP,8.063093321
R,ABP,5.672616039
N,ABP,3.238588687
D,ABP,2.166280611
C,ABP,5.424573586
E,ABP,1.981402654
Q,ABP,2.05285355
G,ABP,10.98270404
H,ABP,2.033507615
I,ABP,6.924082761
L,ABP,10.88201303
K,ABP,10.43210375
M,ABP,1.256839591
F,ABP,4.864242283
P,ABP,4.47186393
S,ABP,5.711553372
T,ABP,3.99487467
W,ABP,1.94772555
Y,ABP,1.877337123
V,ABP,6.021743827
A,ACP,7.289885858
R,ACP,3.990571251
N,ACP,2.621025616
D,ACP,2.427093709
C,ACP,6.765902737
E,ACP,2.470555372
Q,ACP,1.55448908
G,ACP,10.88339731
H,ACP,2.093673148
I,ACP,8.132072033
L,ACP,11.28836863
K,ACP,10.24849834
M,ACP,0.969159521
F,ACP,4.822217835
P,ACP,4.292776841
S,ACP,6.548221361
T,ACP,3.526353222
W,ACP,1.344874808
Y,ACP,1.548810112
V,ACP,7.182053207
A,AFP,7.619962169
R,AFP,5.940382012
N,AFP,3.028507036
D,AFP,2.005677695
C,AFP,6.785463641
E,AFP,2.309533723
Q,AFP,2.159993116
G,AFP,10.79287303
H,AFP,2.347259601
I,AFP,6.762592232
L,AFP,10.66454394
K,AFP,10.78497971
M,AFP,1.3657025
F,AFP,4.910920953
P,AFP,4.081298353
S,AFP,5.653733631
T,AFP,3.839844415
W,AFP,1.368917002
Y,AFP,2.097128052
V,AFP,5.480687181
A,APP,8.173687467
R,APP,4.871973696
N,APP,3.101682095
D,APP,1.435365699
C,APP,6.588081142
E,APP,2.235612778
Q,APP,3.101331913
G,APP,10.77874177
H,APP,2.305099425
I,APP,6.521544017
L,APP,10.13394814
K,APP,10.99084613
M,APP,1.553938737
F,APP,4.226132081
P,APP,4.712807763
S,APP,5.441163626
T,APP,4.163488599
W,APP,1.615732688
Y,APP,2.144846429
V,APP,5.903975812
A,AVP,5.7856213
R,AVP,7.161234378
N,AVP,2.952189978
D,AVP,1.870180748
C,AVP,10.43367244
E,AVP,2.790474588
Q,AVP,1.68145007
G,AVP,11.82156515
H,AVP,2.853857911
I,AVP,6.512394356
L,AVP,8.114354271
K,AVP,7.209396953
M,AVP,0.831341309
F,AVP,4.894531981
P,AVP,3.825680495
S,AVP,5.828097795
T,AVP,3.91866562
W,AVP,1.912220335
Y,AVP,2.719667671
V,AVP,6.883402655
